user,dates_upgraded
225798765432,2024-10-08
225798765433,2024-09-06
225798765434,2025-01-22
225798765435,2024-09-07
225798765436,2024-10-07
225798765437,2024-09-03
225798765438,2024-10-03
225798765439,2024-09-05
225798765440,2024-09-05
225798765441,2024-09-11
225798765442,2024-09-02
225798765443,2024-09-07
225798765444,2024-09-03
225798765445,2024-09-01
225798765447,2024-10-02
225798765448,2024-10-02
225798765449,2024-10-05
225798765450,2024-09-02
225798765451,2024-10-01
225798765452,2024-09-03
225798765453,2024-09-04
225798765454,2024-09-01
225798765455,2024-09-01
225798765456,2024-09-04
225798765457,2024-11-02
225798765458,2024-09-01
225798765459,2024-09-01
225798765460,2024-09-01
225798765461,2024-09-01
225798765462,2024-10-09
225798765463,2024-09-14
225798765464,2024-09-02
225798765465,2024-10-21
225798765466,2024-09-02
225798765467,2024-09-02
225798765468,2024-09-02
225798765469,2024-09-06
225798765470,2024-09-01
225798765471,2024-10-03
225798765472,2024-09-02
225798765473,2024-10-03
225798765474,2024-09-01
225798765475,2024-09-17
225798765476,2024-09-08
225798765477,2024-09-02
225798765478,2024-10-03
225798765479,2024-09-09
225798765480,2024-09-11
225798765481,2024-09-01
225798765482,2024-09-01
225798765483,2024-09-25
225798765484,2024-09-01
225798765485,2024-09-01
225798765486,2024-09-21
225798765487,2024-09-01
225798765488,2024-09-02
225798765489,2024-09-04
